{
  "C:\\code\\vaibhav\\benchmark.py": 1776814143.410819,
  "C:\\code\\vaibhav\\demo.py": 1776814128.940319,
  "C:\\code\\vaibhav\\run_demo_cpu.py": 1776842882.3972628,
  "C:\\code\\vaibhav\\train.py": 1776814156.656839,
  "C:\\code\\vaibhav\\analytics\\ring_buffer.py": 1776814058.2872524,
  "C:\\code\\vaibhav\\analytics\\roi_hist.py": 1776814089.6442938,
  "C:\\code\\vaibhav\\analytics\\window.py": 1776814071.2171805,
  "C:\\code\\vaibhav\\analytics\\__init__.py": 1776813989.9952164,
  "C:\\code\\vaibhav\\detection\\yolo.py": 1776814032.7880583,
  "C:\\code\\vaibhav\\detection\\__init__.py": 1776813988.4042988,
  "C:\\code\\vaibhav\\pipeline\\orchestrator.py": 1776840175.760474,
  "C:\\code\\vaibhav\\pipeline\\__init__.py": 1776813990.6721046,
  "C:\\code\\vaibhav\\tracking\\tracker.py": 1776814223.303339,
  "C:\\code\\vaibhav\\tracking\\__init__.py": 1776813989.3702471,
  "C:\\code\\vaibhav\\utils\\color.py": 1776840282.4332862,
  "C:\\code\\vaibhav\\utils\\draw.py": 1776840284.0575924,
  "C:\\code\\vaibhav\\utils\\video.py": 1776814012.143976,
  "C:\\code\\vaibhav\\utils\\__init__.py": 1776813987.7950413,
  "C:\\code\\vaibhav\\HOW_TO_TRAIN_AND_RUN.md": 1776814198.494404,
  "C:\\code\\vaibhav\\plan.md": 1776813825.733705,
  "C:\\code\\vaibhav\\README.md": 1776814203.467417,
  "C:\\code\\vaibhav\\requirements.txt": 1776813979.4575677
}